{"chunk_definitions":[{"row":11,"row_count":1,"visible":true,"expansion_state":0,"options":{"engine":"r","label":"setup","include":false},"document_id":"B125EC30","chunk_id":"csetup_chunk","chunk_label":"setup"},{"row":39,"row_count":1,"visible":true,"expansion_state":0,"options":{"engine":"r","echo":true,"label":"unnamed-chunk-1"},"document_id":"B125EC30","chunk_id":"c7njz3d6u3x27","chunk_label":"unnamed-chunk-2"}],"doc_write_time":1618242229,"working_dir":null,"default_chunk_options":{"echo":false}}