{"chunk_definitions":[{"row":11,"row_count":1,"visible":true,"expansion_state":0,"options":{"engine":"r","label":"setup","include":false},"document_id":"DB7BC26F","chunk_id":"csetup_chunk","chunk_label":"setup"},{"row":26,"row_count":1,"visible":true,"expansion_state":0,"options":{"engine":"r","message":false,"echo":true,"label":"unnamed-chunk-3"},"document_id":"DB7BC26F","chunk_id":"cw7rhee2t7gy2","chunk_label":"unnamed-chunk-1"},{"row":113,"row_count":1,"visible":true,"expansion_state":0,"options":{"engine":"r","label":"unnamed-chunk-5"},"document_id":"DB7BC26F","chunk_id":"coeif5tq8i327","chunk_label":"unnamed-chunk-9"},{"row":121,"row_count":1,"visible":true,"expansion_state":0,"options":{"engine":"r","label":"unnamed-chunk-11"},"document_id":"DB7BC26F","chunk_id":"cht9ex5c55wdl","chunk_label":"unnamed-chunk-10"}],"doc_write_time":1618356905}